avg_base_revenue,avg_window_revenue,uplift_pct_estimate
11637773.109243697,13638192.307692308,17.189020439483482
